ENA_SAMPLE_ACCESSION;ENA_ALIAS;ENA_RUN_ACCESSION;REPLICA;COLLECTION_DATE;COMPLETE_NAME;COUNTRY;CITY;LATITUDE;LONGITUDE;PLANT;SAMPLING TYPE;SEWAGE TYPE;;;;;;;;;;;;;
ERS17759509;1007214;ERR12510710;2;2020-04-02;DTU_2020_1007214_2_MG_RD_CPH_Sewage_639;Denmark;Copenhagen;55,6405;12,5058;Rensningsanlaeg Damhusaaen;24-hour sampler;wastewater treatment plant (municipal or industrial);;;;;;;;;;;;;
ERS17759509;1007214;ERR12510709;1;2020-04-02;DTU_2020_1007214_1_MG_RD_CPH_Sewage_639;Denmark;Copenhagen;55,6405;12,5058;Rensningsanlaeg Damhusaaen;24-hour sampler;wastewater treatment plant (municipal or industrial);;;;;;;;;;;;;
ERS17759508;1007205;ERR12510700;1;2020-02-04;DTU_2020_1007205_1_MG_RD_CPH_Sewage_630;Denmark;Copenhagen;55,6405;12,5058;Rensningsanlaeg Damhusaaen;24-hour sampler;wastewater treatment plant (municipal or industrial);;;;;;;;;;;;;
ERS17759507;1007197;ERR12510692;1;2020-01-14;DTU_2020_1007197_1_MG_RD_CPH_Sewage_622;Denmark;Copenhagen;55,6405;12,5058;Rensningsanlaeg Damhusaaen;24-hour sampler;wastewater treatment plant (municipal or industrial);;;;;;;;;;;;;
ERS17759506;1007175;ERR12510656;2;2019-10-13;DTU_2020_1007175_2_MG_RD_CPH_Sewage_594;Denmark;Copenhagen;55,6405;12,5058;Rensningsanlaeg Damhusaaen;24-hour sampler;wastewater treatment plant (municipal or industrial);;;;;;;;;;;;;
ERS17759506;1007175;ERR12510655;1;2019-10-13;DTU_2020_1007175_1_MG_RD_CPH_Sewage_594;Denmark;Copenhagen;55,6405;12,5058;Rensningsanlaeg Damhusaaen;24-hour sampler;wastewater treatment plant (municipal or industrial);;;;;;;;;;;;;
ERS17759505;1007191;ERR12510685;1;2019-12-20;DTU_2020_1007191_1_MG_RD_CPH_Sewage_616;Denmark;Copenhagen;55,6405;12,5058;Rensningsanlaeg Damhusaaen;24-hour sampler;wastewater treatment plant (municipal or industrial);;;;;;;;;;;;;
ERS17759504;1007251;ERR12510761;1;2020-06-29;DTU_2020_1007251_1_MG_RD_CPH_Sewage_712;Denmark;Copenhagen;55,6405;12,5058;Rensningsanlaeg Damhusaaen;24-hour sampler;wastewater treatment plant (municipal or industrial);;;;;;;;;;;;;
ERS17759503;1007244;ERR12510754;1;2020-06-10;DTU_2020_1007244_1_MG_RD_CPH_Sewage_697;Denmark;Copenhagen;55,6405;12,5058;Rensningsanlaeg Damhusaaen;24-hour sampler;wastewater treatment plant (municipal or industrial);;;;;;;;;;;;;
ERS17759502;1007280;ERR12510797;2;2020-09-28;DTU_2020_1007280_2_MG_RD_CPH_Sewage_2_588;Denmark;Copenhagen;55,6405;12,5058;Rensningsanlaeg Damhusaaen;24-hour sampler;wastewater treatment plant (municipal or industrial);;;;;;;;;;;;;
ERS17759502;1007280;ERR12510796;1;2020-09-28;DTU_2020_1007280_1_MG_RD_CPH_Sewage_2_588;Denmark;Copenhagen;55,6405;12,5058;Rensningsanlaeg Damhusaaen;24-hour sampler;wastewater treatment plant (municipal or industrial);;;;;;;;;;;;;
ERS17759501;1007246;ERR12510756;1;2020-06-17;DTU_2020_1007246_1_MG_RD_CPH_Sewage_703;Denmark;Copenhagen;55,6405;12,5058;Rensningsanlaeg Damhusaaen;24-hour sampler;wastewater treatment plant (municipal or industrial);;;;;;;;;;;;;
ERS17759500;1007279;ERR12510795;1;2019-09-28;DTU_2020_1007279_1_MG_RD_CPH_Sewage_1_588;Denmark;Copenhagen;55,6405;12,5058;Rensningsanlaeg Damhusaaen;24-hour sampler;wastewater treatment plant (municipal or industrial);;;;;;;;;;;;;
ERS17759499;1007211;ERR12510706;1;2020-02-19;DTU_2020_1007211_1_MG_RD_CPH_Sewage_636;Denmark;Copenhagen;55,6405;12,5058;Rensningsanlaeg Damhusaaen;24-hour sampler;wastewater treatment plant (municipal or industrial);;;;;;;;;;;;;
ERS17759498;1007194;ERR12510689;1;2020-01-07;DTU_2020_1007194_1_MG_RD_CPH_Sewage_619;Denmark;Copenhagen;55,6405;12,5058;Rensningsanlaeg Damhusaaen;24-hour sampler;wastewater treatment plant (municipal or industrial);;;;;;;;;;;;;
ERS17759497;1007202;ERR12510697;1;2020-02-29;DTU_2020_1007202_1_MG_RD_CPH_Sewage_627;Denmark;Copenhagen;55,6405;12,5058;Rensningsanlaeg Damhusaaen;24-hour sampler;wastewater treatment plant (municipal or industrial);;;;;;;;;;;;;
ERS17759496;1007177;ERR12510660;2;2019-11-02;DTU_2020_1007177_2_MG_RD_CPH_Sewage_598;Denmark;Copenhagen;55,6405;12,5058;Rensningsanlaeg Damhusaaen;24-hour sampler;wastewater treatment plant (municipal or industrial);;;;;;;;;;;;;
ERS17759496;1007177;ERR12510659;1;2019-11-02;DTU_2020_1007177_1_MG_RD_CPH_Sewage_598;Denmark;Copenhagen;55,6405;12,5058;Rensningsanlaeg Damhusaaen;24-hour sampler;wastewater treatment plant (municipal or industrial);;;;;;;;;;;;;
ERS17759495;1007235;ERR12510740;1;2020-05-14;DTU_2020_1007235_1_MG_RD_CPH_Sewage_673;Denmark;Copenhagen;55,6405;12,5058;Rensningsanlaeg Damhusaaen;24-hour sampler;wastewater treatment plant (municipal or industrial);;;;;;;;;;;;;
ERS17759494;1007269;ERR12510780;1;2020-08-12;DTU_2020_1007269_1_MG_RD_CPH_Sewage_733;Denmark;Copenhagen;55,6405;12,5058;Rensningsanlaeg Damhusaaen;24-hour sampler;wastewater treatment plant (municipal or industrial);;;;;;;;;;;;;
ERS17759493;1007179;ERR12510662;1;2019-11-11;DTU_2020_1007179_1_MG_RD_CPH_Sewage_601;Denmark;Copenhagen;55,6405;12,5058;Rensningsanlaeg Damhusaaen;24-hour sampler;wastewater treatment plant (municipal or industrial);;;;;;;;;;;;;
ERS17759493;1007179;ERR12510663;2;2019-11-11;DTU_2020_1007179_2_MG_RD_CPH_Sewage_601;Denmark;Copenhagen;55,6405;12,5058;Rensningsanlaeg Damhusaaen;24-hour sampler;wastewater treatment plant (municipal or industrial);;;;;;;;;;;;;
ERS17759492;1007160;ERR12510646;1;2019-04-26;DTU_2020_1007160_1_MG_RD_CPH_Sewage_529;Denmark;Copenhagen;55,6405;12,5058;Rensningsanlaeg Damhusaaen;24-hour sampler;wastewater treatment plant (municipal or industrial);;;;;;;;;;;;;
ERS17759491;1007241;ERR12510749;1;2020-06-04;DTU_2020_1007241_1_MG_RD_CPH_Sewage_691;Denmark;Copenhagen;55,6405;12,5058;Rensningsanlaeg Damhusaaen;24-hour sampler;wastewater treatment plant (municipal or industrial);;;;;;;;;;;;;
ERS17759491;1007241;ERR12510750;2;2020-06-04;DTU_2020_1007241_2_MG_RD_CPH_Sewage_691;Denmark;Copenhagen;55,6405;12,5058;Rensningsanlaeg Damhusaaen;24-hour sampler;wastewater treatment plant (municipal or industrial);;;;;;;;;;;;;
ERS17759490;1007257;ERR12510767;1;2020-07-14;DTU_2020_1007257_1_MG_RD_CPH_Sewage_718;Denmark;Copenhagen;55,6405;12,5058;Rensningsanlaeg Damhusaaen;24-hour sampler;wastewater treatment plant (municipal or industrial);;;;;;;;;;;;;
ERS17759489;1007223;ERR12510724;1;2020-03-20;DTU_2020_1007223_1_MG_RD_CPH_Sewage_650;Denmark;Copenhagen;55,6405;12,5058;Rensningsanlaeg Damhusaaen;24-hour sampler;wastewater treatment plant (municipal or industrial);;;;;;;;;;;;;
ERS17759489;1007223;ERR12510725;2;2020-03-20;DTU_2020_1007223_2_MG_RD_CPH_Sewage_650;Denmark;Copenhagen;55,6405;12,5058;Rensningsanlaeg Damhusaaen;24-hour sampler;wastewater treatment plant (municipal or industrial);;;;;;;;;;;;;
ERS17759488;1007254;ERR12510764;1;2020-07-07;DTU_2020_1007254_1_MG_RD_CPH_Sewage_715;Denmark;Copenhagen;55,6405;12,5058;Rensningsanlaeg Damhusaaen;24-hour sampler;wastewater treatment plant (municipal or industrial);;;;;;;;;;;;;
ERS17759487;1007157;ERR12510644;1;2019-03-27;DTU_2020_1007157_1_MG_RD_CPH_Sewage_517;Denmark;Copenhagen;55,6405;12,5058;Rensningsanlaeg Damhusaaen;24-hour sampler;wastewater treatment plant (municipal or industrial);;;;;;;;;;;;;
ERS17759486;1007188;ERR12510680;1;2019-12-02;DTU_2020_1007188_1_MG_RD_CPH_Sewage_610;Denmark;Copenhagen;55,6405;12,5058;Rensningsanlaeg Damhusaaen;24-hour sampler;wastewater treatment plant (municipal or industrial);;;;;;;;;;;;;
ERS17759486;1007188;ERR12510681;2;2019-12-02;DTU_2020_1007188_2_MG_RD_CPH_Sewage_610;Denmark;Copenhagen;55,6405;12,5058;Rensningsanlaeg Damhusaaen;24-hour sampler;wastewater treatment plant (municipal or industrial);;;;;;;;;;;;;
ERS17759485;1007274;ERR12510789;1;2020-08-27;DTU_2020_1007274_1_MG_RD_CPH_Sewage_742;Denmark;Copenhagen;55,6405;12,5058;Rensningsanlaeg Damhusaaen;24-hour sampler;wastewater treatment plant (municipal or industrial);;;;;;;;;;;;;
ERS17759484;1007220;ERR12510720;1;2020-03-12;DTU_2020_1007220_1_MG_RD_CPH_Sewage_647;Denmark;Copenhagen;55,6405;12,5058;Rensningsanlaeg Damhusaaen;24-hour sampler;wastewater treatment plant (municipal or industrial);;;;;;;;;;;;;
ERS17759470;1007248;ERR12510758;1;2020-06-24;DTU_2020_1007248_1_MG_RD_CPH_Sewage_709;Denmark;Copenhagen;55,6405;12,5058;Rensningsanlaeg Damhusaaen;24-hour sampler;wastewater treatment plant (municipal or industrial);;;;;;;;;;;;;
ERS17759469;1007185;ERR12510674;1;2019-11-24;DTU_2020_1007185_1_MG_RD_CPH_Sewage_607;Denmark;Copenhagen;55,6405;12,5058;Rensningsanlaeg Damhusaaen;24-hour sampler;wastewater treatment plant (municipal or industrial);;;;;;;;;;;;;
ERS17759469;1007185;ERR12510675;2;2019-11-24;DTU_2020_1007185_2_MG_RD_CPH_Sewage_607;Denmark;Copenhagen;55,6405;12,5058;Rensningsanlaeg Damhusaaen;24-hour sampler;wastewater treatment plant (municipal or industrial);;;;;;;;;;;;;
ERS17759468;1007154;ERR12510642;1;2019-02-18;DTU_2020_1007154_1_MG_RD_CPH_Sewage_505;Denmark;Copenhagen;55,6405;12,5058;Rensningsanlaeg Damhusaaen;24-hour sampler;wastewater treatment plant (municipal or industrial);;;;;;;;;;;;;
ERS17759468;1007154;ERR12510643;2;2019-02-18;DTU_2020_1007154_2_MG_RD_CPH_Sewage_505;Denmark;Copenhagen;55,6405;12,5058;Rensningsanlaeg Damhusaaen;24-hour sampler;wastewater treatment plant (municipal or industrial);;;;;;;;;;;;;
ERS17759467;1007174;ERR12510654;2;2019-10-13;DTU_2020_1007174_2_MG_RA_CPH_Sewage_593;Denmark;Copenhagen;55,6085;12,4505;Rensningsanlaeg Avedoere;24-hour sampler;wastewater treatment plant (municipal or industrial);;;;;;;;;;;;;
ERS17759467;1007174;ERR12510653;1;2019-10-13;DTU_2020_1007174_1_MG_RA_CPH_Sewage_593;Denmark;Copenhagen;55,6085;12,4505;Rensningsanlaeg Avedoere;24-hour sampler;wastewater treatment plant (municipal or industrial);;;;;;;;;;;;;
ERS17759466;1007284;ERR12510802;1;2020-05-20;DTU_2020_1007284_1_MG_RA_CPH_Sewage_2_678;Denmark;Copenhagen;55,6085;12,4505;Rensningsanlaeg Avedoere;24-hour sampler;wastewater treatment plant (municipal or industrial);;;;;;;;;;;;;
ERS17759465;1007196;ERR12510691;1;2020-01-14;DTU_2020_1007196_1_MG_RA_CPH_Sewage_621;Denmark;Copenhagen;55,6085;12,4505;Rensningsanlaeg Avedoere;24-hour sampler;wastewater treatment plant (municipal or industrial);;;;;;;;;;;;;
ERS17759464;1007210;ERR12510705;1;2020-02-19;DTU_2020_1007210_1_MG_RA_CPH_Sewage_635;Denmark;Copenhagen;55,6085;12,4505;Rensningsanlaeg Avedoere;24-hour sampler;wastewater treatment plant (municipal or industrial);;;;;;;;;;;;;
ERS17759463;1007273;ERR12510788;2;2020-08-27;DTU_2020_1007273_2_MG_RA_CPH_Sewage_741;Denmark;Copenhagen;55,6085;12,4505;Rensningsanlaeg Avedoere;24-hour sampler;wastewater treatment plant (municipal or industrial);;;;;;;;;;;;;
ERS17759463;1007273;ERR12510787;1;2020-08-27;DTU_2020_1007273_1_MG_RA_CPH_Sewage_741;Denmark;Copenhagen;55,6085;12,4505;Rensningsanlaeg Avedoere;24-hour sampler;wastewater treatment plant (municipal or industrial);;;;;;;;;;;;;
ERS17759462;1007256;ERR12510766;1;2020-07-14;DTU_2020_1007256_1_MG_RA_CPH_Sewage_717;Denmark;Copenhagen;55,6085;12,4505;Rensningsanlaeg Avedoere;24-hour sampler;wastewater treatment plant (municipal or industrial);;;;;;;;;;;;;
ERS17759461;1007184;ERR12510673;2;2019-11-24;DTU_2020_1007184_2_MG_RA_CPH_Sewage_606;Denmark;Copenhagen;55,6085;12,4505;Rensningsanlaeg Avedoere;24-hour sampler;wastewater treatment plant (municipal or industrial);;;;;;;;;;;;;
ERS17759461;1007184;ERR12510672;1;2019-11-24;DTU_2020_1007184_1_MG_RA_CPH_Sewage_606;Denmark;Copenhagen;55,6085;12,4505;Rensningsanlaeg Avedoere;24-hour sampler;wastewater treatment plant (municipal or industrial);;;;;;;;;;;;;
ERS17759460;1007193;ERR12510688;2;2020-01-07;DTU_2020_1007193_2_MG_RA_CPH_Sewage_618;Denmark;Copenhagen;55,6085;12,4505;Rensningsanlaeg Avedoere;24-hour sampler;wastewater treatment plant (municipal or industrial);;;;;;;;;;;;;
ERS17759460;1007193;ERR12510687;1;2020-01-07;DTU_2020_1007193_1_MG_RA_CPH_Sewage_618;Denmark;Copenhagen;55,6085;12,4505;Rensningsanlaeg Avedoere;24-hour sampler;wastewater treatment plant (municipal or industrial);;;;;;;;;;;;;
ERS17759459;1007178;ERR12510661;1;2019-11-11;DTU_2020_1007178_1_MG_RA_CPH_Sewage_600;Denmark;Copenhagen;55,6085;12,4505;Rensningsanlaeg Avedoere;24-hour sampler;wastewater treatment plant (municipal or industrial);;;;;;;;;;;;;
ERS17759458;1007268;ERR12510779;1;2020-08-12;DTU_2020_1007268_1_MG_RA_CPH_Sewage_732;Denmark;Copenhagen;55,6085;12,4505;Rensningsanlaeg Avedoere;24-hour sampler;wastewater treatment plant (municipal or industrial);;;;;;;;;;;;;
ERS17759431;1007181;ERR12510666;1;2019-11-17;DTU_2020_1007181_1_MG_RA_CPH_Sewage_603;Denmark;Copenhagen;55,6085;12,4505;Rensningsanlaeg Avedoere;24-hour sampler;wastewater treatment plant (municipal or industrial);;;;;;;;;;;;;
ERS17759431;1007181;ERR12510667;2;2019-11-17;DTU_2020_1007181_2_MG_RA_CPH_Sewage_603;Denmark;Copenhagen;55,6085;12,4505;Rensningsanlaeg Avedoere;24-hour sampler;wastewater treatment plant (municipal or industrial);;;;;;;;;;;;;
ERS17759430;1007213;ERR12510708;1;2020-04-02;DTU_2020_1007213_1_MG_RA_CPH_Sewage_638;Denmark;Copenhagen;55,6085;12,4505;Rensningsanlaeg Avedoere;24-hour sampler;wastewater treatment plant (municipal or industrial);;;;;;;;;;;;;
ERS17759429;1007231;ERR12510735;1;2020-05-05;DTU_2020_1007231_1_MG_RA_CPH_Sewage_663;Denmark;Copenhagen;55,6085;12,4505;Rensningsanlaeg Avedoere;24-hour sampler;wastewater treatment plant (municipal or industrial);;;;;;;;;;;;;
ERS17759428;1007228;ERR12510730;1;2020-04-27;DTU_2020_1007228_1_MG_RA_CPH_Sewage_655;Denmark;Copenhagen;55,6085;12,4505;Rensningsanlaeg Avedoere;24-hour sampler;wastewater treatment plant (municipal or industrial);;;;;;;;;;;;;
ERS17759427;1014215;ERR12510869;1;2021-11-03;DTU_2022_1014215_1_MG_NL_RO_211103_GSL_1141;Netherlands;Rotterdam;51,9244;4,4777;Dokhaven;24-hour sampler;wastewater treatment plant (municipal or industrial);;;;;;;;;;;;;
ERS17759426;1014213;ERR12510868;1;2021-10-20;DTU_2022_1014213_1_MG_NL_RO_211020_GSL_1139;Netherlands;Rotterdam;51,9244;4,4777;Dokhaven;24-hour sampler;wastewater treatment plant (municipal or industrial);;;;;;;;;;;;;
ERS17759425;1014211;ERR12510867;1;2021-10-07;DTU_2022_1014211_1_MG_NL_RO_211007_GSL_1137;Netherlands;Rotterdam;51,9244;4,4777;Dokhaven;24-hour sampler;wastewater treatment plant (municipal or industrial);;;;;;;;;;;;;
ERS17759424;1014210;ERR12510866;1;2021-09-29;DTU_2022_1014210_1_MG_NL_RO_210929_GSL_1136;Netherlands;Rotterdam;51,9244;4,4777;Dokhaven;24-hour sampler;wastewater treatment plant (municipal or industrial);;;;;;;;;;;;;
ERS17759423;1014209;ERR12510865;1;2021-09-22;DTU_2022_1014209_1_MG_NL_RO_210922_GSL_1135;Netherlands;Rotterdam;51,9244;4,4777;Dokhaven;24-hour sampler;wastewater treatment plant (municipal or industrial);;;;;;;;;;;;;
ERS17759422;1014208;ERR12510864;1;2021-08-30;DTU_2022_1014208_1_MG_NL_RO_210830_GSL_1134;Netherlands;Rotterdam;51,9244;4,4777;Dokhaven;24-hour sampler;wastewater treatment plant (municipal or industrial);;;;;;;;;;;;;
ERS17759483;1007225;ERR12510727;1;2020-03-26;DTU_2020_1007225_1_MG_RD_CPH_Sewage_652;Denmark;Copenhagen;55,6405;12,5058;Rensningsanlaeg Damhusaaen;24-hour sampler;wastewater treatment plant (municipal or industrial);;;;;;;;;;;;;
ERS17759482;1007217;ERR12510715;1;2020-03-05;DTU_2020_1007217_1_MG_RD_CPH_Sewage_643;Denmark;Copenhagen;55,6956;12,6139;Rensningsanlaeg Damhusaaen;24-hour sampler;wastewater treatment plant (municipal or industrial);;;;;;;;;;;;;
ERS17759481;1007182;ERR12510668;1;2019-11-17;DTU_2020_1007182_1_MG_RD_CPH_Sewage_604;Denmark;Copenhagen;55,6405;12,5058;Rensningsanlaeg Damhusaaen;24-hour sampler;wastewater treatment plant (municipal or industrial);;;;;;;;;;;;;
ERS17759481;1007182;ERR12510669;2;2019-11-17;DTU_2020_1007182_2_MG_RD_CPH_Sewage_604;Denmark;Copenhagen;55,6405;12,5058;Rensningsanlaeg Damhusaaen;24-hour sampler;wastewater treatment plant (municipal or industrial);;;;;;;;;;;;;
ERS17759480;1007263;ERR12510773;1;2020-07-29;DTU_2020_1007263_1_MG_RD_CPH_Sewage_724;Denmark;Copenhagen;55,6405;12,5058;Rensningsanlaeg Damhusaaen;24-hour sampler;wastewater treatment plant (municipal or industrial);;;;;;;;;;;;;
ERS17759479;1007285;ERR12510803;1;2020-05-20;DTU_2020_1007285_1_MG_RD_CPH_Sewage_1_679;Denmark;Copenhagen;55,6405;12,5058;Rensningsanlaeg Damhusaaen;24-hour sampler;wastewater treatment plant (municipal or industrial);;;;;;;;;;;;;
ERS17759478;1007208;ERR12510703;1;2020-02-11;DTU_2020_1007208_1_MG_RD_CPH_Sewage_633;Denmark;Copenhagen;55,6405;12,5058;Rensningsanlaeg Damhusaaen;24-hour sampler;wastewater treatment plant (municipal or industrial);;;;;;;;;;;;;
ERS17759477;1007229;ERR12510731;1;2020-04-27;DTU_2020_1007229_1_MG_RD_CPH_Sewage_656;Denmark;Copenhagen;55,6405;12,5058;Rensningsanlaeg Damhusaaen;24-hour sampler;wastewater treatment plant (municipal or industrial);;;;;;;;;;;;;
ERS17759476;1007212;ERR12510707;1;2020-02-26;DTU_2020_1007212_1_MG_RD_CPH_Sewage_637;Denmark;Copenhagen;55,6405;12,5058;Rensningsanlaeg Damhusaaen;24-hour sampler;wastewater treatment plant (municipal or industrial);;;;;;;;;;;;;
ERS17759475;1007238;ERR12510746;2;2020-05-28;DTU_2020_1007238_2_MG_RD_CPH_Sewage_685;Denmark;Copenhagen;55,6405;12,5058;Rensningsanlaeg Damhusaaen;24-hour sampler;wastewater treatment plant (municipal or industrial);;;;;;;;;;;;;
ERS17759475;1007238;ERR12510745;1;2020-05-28;DTU_2020_1007238_1_MG_RD_CPH_Sewage_685;Denmark;Copenhagen;55,6405;12,5058;Rensningsanlaeg Damhusaaen;24-hour sampler;wastewater treatment plant (municipal or industrial);;;;;;;;;;;;;
ERS17759474;1007232;ERR12510736;1;2020-05-05;DTU_2020_1007232_1_MG_RD_CPH_Sewage_664;Denmark;Copenhagen;55,6405;12,5058;Rensningsanlaeg Damhusaaen;24-hour sampler;wastewater treatment plant (municipal or industrial);;;;;;;;;;;;;
ERS17759474;1007232;ERR12510737;2;2020-05-05;DTU_2020_1007232_2_MG_RD_CPH_Sewage_664;Denmark;Copenhagen;55,6405;12,5058;Rensningsanlaeg Damhusaaen;24-hour sampler;wastewater treatment plant (municipal or industrial);;;;;;;;;;;;;
ERS17759473;1007260;ERR12510770;1;2020-07-23;DTU_2020_1007260_1_MG_RD_CPH_Sewage_721;Denmark;Copenhagen;55,6405;12,5058;Rensningsanlaeg Damhusaaen;24-hour sampler;wastewater treatment plant (municipal or industrial);;;;;;;;;;;;;
ERS17759472;1007266;ERR12510776;1;2020-08-04;DTU_2020_1007266_1_MG_RD_CPH_Sewage_727;Denmark;Copenhagen;55,6405;12,5058;Rensningsanlaeg Damhusaaen;24-hour sampler;wastewater treatment plant (municipal or industrial);;;;;;;;;;;;;
ERS17759471;1007286;ERR12510804;1;2020-05-20;DTU_2020_1007286_1_MG_RD_CPH_Sewage_2_679;Denmark;Copenhagen;55,6405;12,5058;Rensningsanlaeg Damhusaaen;24-hour sampler;wastewater treatment plant (municipal or industrial);;;;;;;;;;;;;
ERS17759457;1007283;ERR12510801;1;2020-05-20;DTU_2020_1007283_1_MG_RA_CPH_Sewage_1_678;Denmark;Copenhagen;55,6085;12,4505;Rensningsanlaeg Avedoere;24-hour sampler;wastewater treatment plant (municipal or industrial);;;;;;;;;;;;;
ERS17759456;1007207;ERR12510702;1;2020-02-11;DTU_2020_1007207_1_MG_RA_CPH_Sewage_632;Denmark;Copenhagen;55,6085;12,4505;Rensningsanlaeg Avedoere;24-hour sampler;wastewater treatment plant (municipal or industrial);;;;;;;;;;;;;
ERS17759455;1007277;ERR12510793;1;2019-09-28;DTU_2020_1007277_1_MG_RA_CPH_Sewage_1_587;Denmark;Copenhagen;55,6085;12,4505;Rensningsanlaeg Avedoere;24-hour sampler;wastewater treatment plant (municipal or industrial);;;;;;;;;;;;;
ERS17759454;1007262;ERR12510772;1;2020-07-29;DTU_2020_1007262_1_MG_RA_CPH_Sewage_723;Denmark;Copenhagen;55,6085;12,4505;Rensningsanlaeg Avedoere;24-hour sampler;wastewater treatment plant (municipal or industrial);;;;;;;;;;;;;
ERS17759453;1007237;ERR12510744;2;2020-05-28;DTU_2020_1007237_2_MG_RA_CPH_Sewage_684;Denmark;Copenhagen;55,6085;12,4505;Rensningsanlaeg Avedoere;24-hour sampler;wastewater treatment plant (municipal or industrial);;;;;;;;;;;;;
ERS17759453;1007237;ERR12510743;1;2020-05-28;DTU_2020_1007237_1_MG_RA_CPH_Sewage_684;Denmark;Copenhagen;55,6085;12,4505;Rensningsanlaeg Avedoere;24-hour sampler;wastewater treatment plant (municipal or industrial);;;;;;;;;;;;;
ERS17759452;1007243;ERR12510753;1;2020-06-10;DTU_2020_1007243_1_MG_RA_CPH_Sewage_696;Denmark;Copenhagen;55,6085;12,4505;Rensningsanlaeg Avedoere;24-hour sampler;wastewater treatment plant (municipal or industrial);;;;;;;;;;;;;
ERS17759451;1007221;ERR12510722;2;2020-03-20;DTU_2020_1007221_2_MG_RA_CPH_Sewage_648;Denmark;Copenhagen;55,6085;12,4505;Rensningsanlaeg Avedoere;24-hour sampler;wastewater treatment plant (municipal or industrial);;;;;;;;;;;;;
ERS17759451;1007221;ERR12510721;1;2020-03-20;DTU_2020_1007221_1_MG_RA_CPH_Sewage_648;Denmark;Copenhagen;55,6085;12,4505;Rensningsanlaeg Avedoere;24-hour sampler;wastewater treatment plant (municipal or industrial);;;;;;;;;;;;;
ERS17759450;1007187;ERR12510679;2;2019-12-02;DTU_2020_1007187_2_MG_RA_CPH_Sewage_609;Denmark;Copenhagen;55,6085;12,4505;Rensningsanlaeg Avedoere;24-hour sampler;wastewater treatment plant (municipal or industrial);;;;;;;;;;;;;
ERS17759450;1007187;ERR12510678;1;2019-12-02;DTU_2020_1007187_1_MG_RA_CPH_Sewage_609;Denmark;Copenhagen;55,6085;12,4505;Rensningsanlaeg Avedoere;24-hour sampler;wastewater treatment plant (municipal or industrial);;;;;;;;;;;;;
ERS17759449;1007153;ERR12510641;1;2019-02-18;DTU_2020_1007153_1_MG_RA_CPH_Sewage_504;Denmark;Copenhagen;55,6085;12,4505;Rensningsanlaeg Avedoere;24-hour sampler;wastewater treatment plant (municipal or industrial);;;;;;;;;;;;;
ERS17759448;1007259;ERR12510769;1;2020-07-23;DTU_2020_1007259_1_MG_RA_CPH_Sewage_720;Denmark;Copenhagen;55,6085;12,4505;Rensningsanlaeg Avedoere;24-hour sampler;wastewater treatment plant (municipal or industrial);;;;;;;;;;;;;
ERS17759447;1007204;ERR12510699;1;2020-02-04;DTU_2020_1007204_1_MG_RA_CPH_Sewage_629;Denmark;Copenhagen;55,6085;12,4505;Rensningsanlaeg Avedoere;24-hour sampler;wastewater treatment plant (municipal or industrial);;;;;;;;;;;;;
ERS17759446;1007150;ERR12510640;1;2019-01-30;DTU_2020_1007150_1_MG_RA_CPH_Sewage_494;Denmark;Copenhagen;55,6085;12,4505;Rensningsanlaeg Avedoere;24-hour sampler;wastewater treatment plant (municipal or industrial);;;;;;;;;;;;;
ERS17759445;1007240;ERR12510748;1;2020-06-04;DTU_2020_1007240_1_MG_RA_CPH_Sewage_690;Denmark;Copenhagen;55,6085;12,4505;Rensningsanlaeg Avedoere;24-hour sampler;wastewater treatment plant (municipal or industrial);;;;;;;;;;;;;
ERS17759444;1007190;ERR12510683;1;2019-12-20;DTU_2020_1007190_1_MG_RA_CPH_Sewage_615;Denmark;Copenhagen;55,6085;12,4505;Rensningsanlaeg Avedoere;24-hour sampler;wastewater treatment plant (municipal or industrial);;;;;;;;;;;;;
ERS17759444;1007190;ERR12510684;2;2019-12-20;DTU_2020_1007190_2_MG_RA_CPH_Sewage_615;Denmark;Copenhagen;55,6085;12,4505;Rensningsanlaeg Avedoere;24-hour sampler;wastewater treatment plant (municipal or industrial);;;;;;;;;;;;;
ERS17759443;1007234;ERR12510739;1;2020-05-14;DTU_2020_1007234_1_MG_RA_CPH_Sewage_672;Denmark;Copenhagen;55,6085;12,4505;Rensningsanlaeg Avedoere;24-hour sampler;wastewater treatment plant (municipal or industrial);;;;;;;;;;;;;
ERS17759442;1007165;ERR12510648;1;2019-06-28;DTU_2020_1007165_1_MG_RA_CPH_Sewage_547;Denmark;Copenhagen;55,6085;12,4505;Rensningsanlaeg Avedoere;24-hour sampler;wastewater treatment plant (municipal or industrial);;;;;;;;;;;;;
ERS17759441;1007250;ERR12510760;1;2020-06-29;DTU_2020_1007250_1_MG_RA_CPH_Sewage_711;Denmark;Copenhagen;55,6085;12,4505;Rensningsanlaeg Avedoere;24-hour sampler;wastewater treatment plant (municipal or industrial);;;;;;;;;;;;;
ERS17759440;1007167;ERR12510650;1;2019-07-27;DTU_2020_1007167_1_MG_RA_CPH_Sewage_560;Denmark;Copenhagen;55,6085;12,4505;Rensningsanlaeg Avedoere;24-hour sampler;wastewater treatment plant (municipal or industrial);;;;;;;;;;;;;
ERS17759439;1007271;ERR12510783;1;2020-08-19;DTU_2020_1007271_1_MG_RA_CPH_Sewage_735;Denmark;Copenhagen;55,6085;12,4505;Rensningsanlaeg Avedoere;24-hour sampler;wastewater treatment plant (municipal or industrial);;;;;;;;;;;;;
ERS17759439;1007271;ERR12510784;2;2020-08-19;DTU_2020_1007271_2_MG_RA_CPH_Sewage_735;Denmark;Copenhagen;55,6085;12,4505;Rensningsanlaeg Avedoere;24-hour sampler;wastewater treatment plant (municipal or industrial);;;;;;;;;;;;;
ERS17759438;1007253;ERR12510763;1;2020-07-07;DTU_2020_1007253_1_MG_RA_CPH_Sewage_714;Denmark;Copenhagen;55,6085;12,4505;Rensningsanlaeg Avedoere;24-hour sampler;wastewater treatment plant (municipal or industrial);;;;;;;;;;;;;
ERS17759437;1007162;ERR12510647;1;2019-05-27;DTU_2020_1007162_1_MG_RA_CPH_Sewage_536;Denmark;Copenhagen;55,6085;12,4505;Rensningsanlaeg Avedoere;24-hour sampler;wastewater treatment plant (municipal or industrial);;;;;;;;;;;;;
ERS17759436;1007199;ERR12510694;1;2020-01-22;DTU_2020_1007199_1_MG_RA_CPH_Sewage_624;Denmark;Copenhagen;55,6085;12,4505;Rensningsanlaeg Avedoere;24-hour sampler;wastewater treatment plant (municipal or industrial);;;;;;;;;;;;;
ERS17759435;1007201;ERR12510696;1;2020-02-29;DTU_2020_1007201_1_MG_RA_CPH_Sewage_626;Denmark;Copenhagen;55,6085;12,4505;Rensningsanlaeg Avedoere;24-hour sampler;wastewater treatment plant (municipal or industrial);;;;;;;;;;;;;
ERS17759434;1007278;ERR12510794;1;2020-09-28;DTU_2020_1007278_1_MG_RA_CPH_Sewage_2_587;Denmark;Copenhagen;55,6085;12,4505;Rensningsanlaeg Avedoere;24-hour sampler;wastewater treatment plant (municipal or industrial);;;;;;;;;;;;;
ERS17759433;1007218;ERR12510716;1;2020-03-12;DTU_2020_1007218_1_MG_RA_CPH_Sewage_645;Denmark;Copenhagen;55,6085;12,4505;Rensningsanlaeg Avedoere;24-hour sampler;wastewater treatment plant (municipal or industrial);;;;;;;;;;;;;
ERS17759433;1007218;ERR12510717;2;2020-03-12;DTU_2020_1007218_2_MG_RA_CPH_Sewage_645;Denmark;Copenhagen;55,6085;12,4505;Rensningsanlaeg Avedoere;24-hour sampler;wastewater treatment plant (municipal or industrial);;;;;;;;;;;;;
ERS17759432;1007265;ERR12510775;1;2020-08-04;DTU_2020_1007265_1_MG_RA_CPH_Sewage_726;Denmark;Copenhagen;55,6085;12,4505;Rensningsanlaeg Avedoere;24-hour sampler;wastewater treatment plant (municipal or industrial);;;;;;;;;;;;;
ERS17759552;1007258;ERR12510768;1;2020-07-23;DTU_2020_1007258_1_MG_RL_CPH_Sewage_719;Denmark;Copenhagen;55,6956;12,6139;Rensningsanlaeg Lynetten;24-hour sampler;wastewater treatment plant (municipal or industrial);;;;;;;;;;;;;
ERS17759551;1007219;ERR12510719;2;2020-03-12;DTU_2020_1007219_2_MG_RL_CPH_Sewage_646;Denmark;Copenhagen;55,6956;12,6139;Rensningsanlaeg Lynetten;24-hour sampler;wastewater treatment plant (municipal or industrial);;;;;;;;;;;;;
ERS17759551;1007219;ERR12510718;1;2020-03-12;DTU_2020_1007219_1_MG_RL_CPH_Sewage_646;Denmark;Copenhagen;55,6956;12,6139;Rensningsanlaeg Lynetten;24-hour sampler;wastewater treatment plant (municipal or industrial);;;;;;;;;;;;;
ERS17759550;1007236;ERR12510742;2;2020-05-28;DTU_2020_1007236_2_MG_RL_CPH_Sewage_683;Denmark;Copenhagen;55,6956;12,6139;Rensningsanlaeg Lynetten;24-hour sampler;wastewater treatment plant (municipal or industrial);;;;;;;;;;;;;
ERS17759550;1007236;ERR12510741;1;2020-05-28;DTU_2020_1007236_1_MG_RL_CPH_Sewage_683;Denmark;Copenhagen;55,6956;12,6139;Rensningsanlaeg Lynetten;24-hour sampler;wastewater treatment plant (municipal or industrial);;;;;;;;;;;;;
ERS17759549;1007249;ERR12510759;1;2020-06-29;DTU_2020_1007249_1_MG_RL_CPH_Sewage_710;Denmark;Copenhagen;55,6956;12,6139;Rensningsanlaeg Lynetten;24-hour sampler;wastewater treatment plant (municipal or industrial);;;;;;;;;;;;;
ERS17759548;1007209;ERR12510704;1;2020-02-19;DTU_2020_1007209_1_MG_RL_CPH_Sewage_634;Denmark;Copenhagen;55,6956;12,6139;Rensningsanlaeg Lynetten;24-hour sampler;wastewater treatment plant (municipal or industrial);;;;;;;;;;;;;
ERS17759547;1007200;ERR12510695;1;2020-02-29;DTU_2020_1007200_1_MG_RL_CPH_Sewage_625;Denmark;Copenhagen;55,6956;12,6139;Rensningsanlaeg Lynetten;24-hour sampler;wastewater treatment plant (municipal or industrial);;;;;;;;;;;;;
ERS17759546;1007203;ERR12510698;1;2020-02-04;DTU_2020_1007203_1_MG_RL_CPH_Sewage_628;Denmark;Copenhagen;55,6956;12,6139;Rensningsanlaeg Lynetten;24-hour sampler;wastewater treatment plant (municipal or industrial);;;;;;;;;;;;;
ERS17759545;1007275;ERR12510791;2;2019-09-28;DTU_2020_1007275_2_MG_RL_CPH_Sewage_1_586;Denmark;Copenhagen;55,6956;12,6139;Rensningsanlaeg Lynetten;24-hour sampler;wastewater treatment plant (municipal or industrial);;;;;;;;;;;;;
ERS17759545;1007275;ERR12510790;1;2019-09-28;DTU_2020_1007275_1_MG_RL_CPH_Sewage_1_586;Denmark;Copenhagen;55,6956;12,6139;Rensningsanlaeg Lynetten;24-hour sampler;wastewater treatment plant (municipal or industrial);;;;;;;;;;;;;
ERS17759544;1007276;ERR12510792;1;2020-09-28;DTU_2020_1007276_1_MG_RL_CPH_Sewage_2_586;Denmark;Copenhagen;55,6956;12,6139;Rensningsanlaeg Lynetten;24-hour sampler;wastewater treatment plant (municipal or industrial);;;;;;;;;;;;;
ERS17759543;1007270;ERR12510782;2;2020-08-19;DTU_2020_1007270_2_MG_RL_CPH_Sewage_734;Denmark;Copenhagen;55,6956;12,6139;Rensningsanlaeg Lynetten;24-hour sampler;wastewater treatment plant (municipal or industrial);;;;;;;;;;;;;
ERS17759543;1007270;ERR12510781;1;2020-08-19;DTU_2020_1007270_1_MG_RL_CPH_Sewage_734;Denmark;Copenhagen;55,6956;12,6139;Rensningsanlaeg Lynetten;24-hour sampler;wastewater treatment plant (municipal or industrial);;;;;;;;;;;;;
ERS17759542;1007222;ERR12510723;1;2020-03-20;DTU_2020_1007222_1_MG_RL_CPH_Sewage_649;Denmark;Copenhagen;55,6956;12,6139;Rensningsanlaeg Lynetten;24-hour sampler;wastewater treatment plant (municipal or industrial);;;;;;;;;;;;;
ERS17759541;1007173;ERR12510652;1;2019-10-13;DTU_2020_1007173_1_MG_RL_CPH_Sewage_592;Denmark;Copenhagen;55,6956;12,6139;Rensningsanlaeg Lynetten;24-hour sampler;wastewater treatment plant (municipal or industrial);;;;;;;;;;;;;
ERS17759540;1007230;ERR12510734;3;2020-05-05;DTU_2020_1007230_3_MG_RL_CPH_Sewage_662;Denmark;Copenhagen;55,6956;12,6139;Rensningsanlaeg Lynetten;24-hour sampler;wastewater treatment plant (municipal or industrial);;;;;;;;;;;;;
ERS17759540;1007230;ERR12510732;1;2020-05-05;DTU_2020_1007230_1_MG_RL_CPH_Sewage_662;Denmark;Copenhagen;55,6956;12,6139;Rensningsanlaeg Lynetten;24-hour sampler;wastewater treatment plant (municipal or industrial);;;;;;;;;;;;;
ERS17759540;1007230;ERR12510733;2;2020-05-05;DTU_2020_1007230_2_MG_RL_CPH_Sewage_662;Denmark;Copenhagen;55,6956;12,6139;Rensningsanlaeg Lynetten;24-hour sampler;wastewater treatment plant (municipal or industrial);;;;;;;;;;;;;
ERS17759539;1007267;ERR12510778;2;2020-08-12;DTU_2020_1007267_2_MG_RL_CPH_Sewage_731;Denmark;Copenhagen;55,6956;12,6139;Rensningsanlaeg Lynetten;24-hour sampler;wastewater treatment plant (municipal or industrial);;;;;;;;;;;;;
ERS17759539;1007267;ERR12510777;1;2020-08-12;DTU_2020_1007267_1_MG_RL_CPH_Sewage_731;Denmark;Copenhagen;55,6956;12,6139;Rensningsanlaeg Lynetten;24-hour sampler;wastewater treatment plant (municipal or industrial);;;;;;;;;;;;;
ERS17759538;1007281;ERR12510799;2;2020-05-20;DTU_2020_1007281_2_MG_RL_CPH_Sewage_1_677;Denmark;Copenhagen;55,6956;12,6139;Rensningsanlaeg Lynetten;24-hour sampler;wastewater treatment plant (municipal or industrial);;;;;;;;;;;;;
ERS17759538;1007281;ERR12510798;1;2020-05-20;DTU_2020_1007281_1_MG_RL_CPH_Sewage_1_677;Denmark;Copenhagen;55,6956;12,6139;Rensningsanlaeg Lynetten;24-hour sampler;wastewater treatment plant (municipal or industrial);;;;;;;;;;;;;
ERS17759537;1007192;ERR12510686;1;2020-01-07;DTU_2020_1007192_1_MG_RL_CPH_Sewage_617;Denmark;Copenhagen;55,6956;12,6139;Rensningsanlaeg Lynetten;24-hour sampler;wastewater treatment plant (municipal or industrial);;;;;;;;;;;;;
ERS17759536;1007215;ERR12510711;1;2020-04-02;DTU_2020_1007215_1_MG_RL_CPH_Sewage_640;Denmark;Copenhagen;55,6956;12,6139;Rensningsanlaeg Lynetten;24-hour sampler;wastewater treatment plant (municipal or industrial);;;;;;;;;;;;;
ERS17759536;1007215;ERR12510712;2;2020-04-02;DTU_2020_1007215_2_MG_RL_CPH_Sewage_640;Denmark;Copenhagen;55,6956;12,6139;Rensningsanlaeg Lynetten;24-hour sampler;wastewater treatment plant (municipal or industrial);;;;;;;;;;;;;
ERS17759535;1007227;ERR12510729;1;2020-04-27;DTU_2020_1007227_1_MG_RL_CPH_Sewage_654;Denmark;Copenhagen;55,6956;12,6139;Rensningsanlaeg Lynetten;24-hour sampler;wastewater treatment plant (municipal or industrial);;;;;;;;;;;;;
ERS17759534;1007272;ERR12510785;1;2020-08-27;DTU_2020_1007272_1_MG_RL_CPH_Sewage_740;Denmark;Copenhagen;55,6956;12,6139;Rensningsanlaeg Lynetten;24-hour sampler;wastewater treatment plant (municipal or industrial);;;;;;;;;;;;;
ERS17759534;1007272;ERR12510786;2;2020-08-27;DTU_2020_1007272_2_MG_RL_CPH_Sewage_740;Denmark;Copenhagen;55,6956;12,6139;Rensningsanlaeg Lynetten;24-hour sampler;wastewater treatment plant (municipal or industrial);;;;;;;;;;;;;
ERS17759533;1007242;ERR12510751;1;2020-06-10;DTU_2020_1007242_1_MG_RL_CPH_Sewage_695;Denmark;Copenhagen;55,6956;12,6139;Rensningsanlaeg Lynetten;24-hour sampler;wastewater treatment plant (municipal or industrial);;;;;;;;;;;;;
ERS17759533;1007242;ERR12510752;2;2020-06-10;DTU_2020_1007242_2_MG_RL_CPH_Sewage_695;Denmark;Copenhagen;55,6956;12,6139;Rensningsanlaeg Lynetten;24-hour sampler;wastewater treatment plant (municipal or industrial);;;;;;;;;;;;;
ERS17759532;1007233;ERR12510738;1;2020-05-14;DTU_2020_1007233_1_MG_RL_CPH_Sewage_671;Denmark;Copenhagen;55,6956;12,6139;Rensningsanlaeg Lynetten;24-hour sampler;wastewater treatment plant (municipal or industrial);;;;;;;;;;;;;
ERS17759531;1007183;ERR12510670;1;2019-11-24;DTU_2020_1007183_1_MG_RL_CPH_Sewage_605;Denmark;Copenhagen;55,6956;12,6139;Rensningsanlaeg Lynetten;24-hour sampler;wastewater treatment plant (municipal or industrial);;;;;;;;;;;;;
ERS17759531;1007183;ERR12510671;2;2019-11-24;DTU_2020_1007183_2_MG_RL_CPH_Sewage_605;Denmark;Copenhagen;55,6956;12,6139;Rensningsanlaeg Lynetten;24-hour sampler;wastewater treatment plant (municipal or industrial);;;;;;;;;;;;;
ERS17759530;1007226;ERR12510728;1;2020-04-16;DTU_2020_1007226_1_MG_RL_CPH_Sewage_653;Denmark;Copenhagen;55,6956;12,6139;Rensningsanlaeg Lynetten;24-hour sampler;wastewater treatment plant (municipal or industrial);;;;;;;;;;;;;
ERS17759529;1007245;ERR12510755;1;2020-06-17;DTU_2020_1007245_1_MG_RL_CPH_Sewage_701;Denmark;Copenhagen;55,6956;12,6139;Rensningsanlaeg Lynetten;24-hour sampler;wastewater treatment plant (municipal or industrial);;;;;;;;;;;;;
ERS17759528;1007252;ERR12510762;1;2020-07-07;DTU_2020_1007252_1_MG_RL_CPH_Sewage_713;Denmark;Copenhagen;55,6956;12,6139;Rensningsanlaeg Lynetten;24-hour sampler;wastewater treatment plant (municipal or industrial);;;;;;;;;;;;;
ERS17759527;1007195;ERR12510690;1;2020-01-14;DTU_2020_1007195_1_MG_RL_CPH_Sewage_620;Denmark;Copenhagen;55,6956;12,6139;Rensningsanlaeg Lynetten;24-hour sampler;wastewater treatment plant (municipal or industrial);;;;;;;;;;;;;
ERS17759526;1007282;ERR12510800;1;2020-05-20;DTU_2020_1007282_1_MG_RL_CPH_Sewage_2_677;Denmark;Copenhagen;55,6956;12,6139;Rensningsanlaeg Lynetten;24-hour sampler;wastewater treatment plant (municipal or industrial);;;;;;;;;;;;;
ERS17759525;1007206;ERR12510701;1;2020-02-11;DTU_2020_1007206_1_MG_RL_CPH_Sewage_631;Denmark;Copenhagen;55,6956;12,6139;Rensningsanlaeg Lynetten;24-hour sampler;wastewater treatment plant (municipal or industrial);;;;;;;;;;;;;
ERS17759524;1007180;ERR12510664;1;2019-11-17;DTU_2020_1007180_1_MG_RL_CPH_Sewage_602;Denmark;Copenhagen;55,6956;12,6139;Rensningsanlaeg Lynetten;24-hour sampler;wastewater treatment plant (municipal or industrial);;;;;;;;;;;;;
ERS17759524;1007180;ERR12510665;2;2019-11-17;DTU_2020_1007180_2_MG_RL_CPH_Sewage_602;Denmark;Copenhagen;55,6956;12,6139;Rensningsanlaeg Lynetten;24-hour sampler;wastewater treatment plant (municipal or industrial);;;;;;;;;;;;;
ERS17759523;1007170;ERR12510651;1;2019-08-29;DTU_2020_1007170_1_MG_RL_CPH_Sewage_571;Denmark;Copenhagen;55,6956;12,6139;Rensningsanlaeg Lynetten;24-hour sampler;wastewater treatment plant (municipal or industrial);;;;;;;;;;;;;
ERS17759522;1007239;ERR12510747;1;2020-06-04;DTU_2020_1007239_1_MG_RL_CPH_Sewage_689;Denmark;Copenhagen;55,6956;12,6139;Rensningsanlaeg Lynetten;24-hour sampler;wastewater treatment plant (municipal or industrial);;;;;;;;;;;;;
ERS17759521;1007186;ERR12510676;1;2019-12-02;DTU_2020_1007186_1_MG_RL_CPH_Sewage_608;Denmark;Copenhagen;55,6956;12,6139;Rensningsanlaeg Lynetten;24-hour sampler;wastewater treatment plant (municipal or industrial);;;;;;;;;;;;;
ERS17759521;1007186;ERR12510677;2;2019-12-02;DTU_2020_1007186_2_MG_RL_CPH_Sewage_608;Denmark;Copenhagen;55,6956;12,6139;Rensningsanlaeg Lynetten;24-hour sampler;wastewater treatment plant (municipal or industrial);;;;;;;;;;;;;
ERS17759520;1007247;ERR12510757;1;2020-06-24;DTU_2020_1007247_1_MG_RL_CPH_Sewage_707;Denmark;Copenhagen;55,6956;12,6139;Rensningsanlaeg Lynetten;24-hour sampler;wastewater treatment plant (municipal or industrial);;;;;;;;;;;;;
ERS17759519;1007216;ERR12510713;1;2020-03-05;DTU_2020_1007216_1_MG_RL_CPH_Sewage_642;Denmark;Copenhagen;55,6956;12,6139;Rensningsanlaeg Lynetten;24-hour sampler;wastewater treatment plant (municipal or industrial);;;;;;;;;;;;;
ERS17759519;1007216;ERR12510714;2;2020-03-05;DTU_2020_1007216_2_MG_RL_CPH_Sewage_642;Denmark;Copenhagen;55,6956;12,6139;Rensningsanlaeg Lynetten;24-hour sampler;wastewater treatment plant (municipal or industrial);;;;;;;;;;;;;
ERS17759518;1007255;ERR12510765;1;2020-07-14;DTU_2020_1007255_1_MG_RL_CPH_Sewage_716;Denmark;Copenhagen;55,6956;12,6139;Rensningsanlaeg Lynetten;24-hour sampler;wastewater treatment plant (municipal or industrial);;;;;;;;;;;;;
ERS17759517;1007198;ERR12510693;1;2020-01-22;DTU_2020_1007198_1_MG_RL_CPH_Sewage_623;Denmark;Copenhagen;55,6956;12,6139;Rensningsanlaeg Lynetten;24-hour sampler;wastewater treatment plant (municipal or industrial);;;;;;;;;;;;;
ERS17759516;1007189;ERR12510682;1;2019-12-20;DTU_2020_1007189_1_MG_RL_CPH_Sewage_614;Denmark;Copenhagen;55,6956;12,6139;Rensningsanlaeg Lynetten;24-hour sampler;wastewater treatment plant (municipal or industrial);;;;;;;;;;;;;
ERS17759515;1007261;ERR12510771;1;2020-07-29;DTU_2020_1007261_1_MG_RL_CPH_Sewage_722;Denmark;Copenhagen;55,6956;12,6139;Rensningsanlaeg Lynetten;24-hour sampler;wastewater treatment plant (municipal or industrial);;;;;;;;;;;;;
ERS17759514;1007264;ERR12510774;1;2020-08-04;DTU_2020_1007264_1_MG_RL_CPH_Sewage_725;Denmark;Copenhagen;55,6956;12,6139;Rensningsanlaeg Lynetten;24-hour sampler;wastewater treatment plant (municipal or industrial);;;;;;;;;;;;;
ERS17759513;1007158;ERR12510645;1;2019-03-27;DTU_2020_1007158_1_MG_RL_CPH_Sewage_518;Denmark;Copenhagen;55,6956;12,6139;Rensningsanlaeg Lynetten;24-hour sampler;wastewater treatment plant (municipal or industrial);;;;;;;;;;;;;
ERS17759512;1007176;ERR12510657;1;2019-11-02;DTU_2020_1007176_1_MG_RL_CPH_Sewage_597;Denmark;Copenhagen;55,6956;12,6139;Rensningsanlaeg Lynetten;24-hour sampler;wastewater treatment plant (municipal or industrial);;;;;;;;;;;;;
ERS17759512;1007176;ERR12510658;2;2019-11-02;DTU_2020_1007176_2_MG_RL_CPH_Sewage_597;Denmark;Copenhagen;55,6956;12,6139;Rensningsanlaeg Lynetten;24-hour sampler;wastewater treatment plant (municipal or industrial);;;;;;;;;;;;;
ERS17759511;1007224;ERR12510726;1;2020-03-26;DTU_2020_1007224_1_MG_RL_CPH_Sewage_651;Denmark;Copenhagen;55,6956;12,6139;Rensningsanlaeg Lynetten;24-hour sampler;wastewater treatment plant (municipal or industrial);;;;;;;;;;;;;
ERS17759510;1007166;ERR12510649;1;2019-06-28;DTU_2020_1007166_1_MG_RD_CPH_Sewage_548;Denmark;Copenhagen;55,6405;12,5058;Rensningsanlaeg Damhusaaen;24-hour sampler;wastewater treatment plant (municipal or industrial);;;;;;;;;;;;;
ERS17759421;1014205;ERR12510863;1;2021-08-11;DTU_2022_1014205_1_MG_NL_RO_210811_GSL_1131;Netherlands;Rotterdam;51,9244;4,4777;Dokhaven;24-hour sampler;wastewater treatment plant (municipal or industrial);;;;;;;;;;;;;
ERS17759420;1014188;ERR12510855;1;2021-04-07;DTU_2022_1014188_1_MG_NL_RO_210407_GSL_1114;Netherlands;Rotterdam;51,9244;4,4777;Dokhaven;24-hour sampler;wastewater treatment plant (municipal or industrial);;;;;;;;;;;;;
ERS17759419;1014171;ERR12510846;1;2020-11-25;DTU_2022_1014171_1_MG_NL_RO_201125_GSL_1097;Netherlands;Rotterdam;51,9244;4,4777;Dokhaven;24-hour sampler;wastewater treatment plant (municipal or industrial);;;;;;;;;;;;;
ERS17759379;1015083;ERR12510903;1;2020-05-26;DTU_2022_1015083_1_MG_IT_RO_200526_GSL_89;Italy;Rome;41,9028;12,4964;ATO2 Wastewater Treatment Plant;24-hour sampler;wastewater treatment plant (municipal or industrial);;;;;;;;;;;;;
ERS17759378;1015081;ERR12510902;1;2020-05-12;DTU_2022_1015081_1_MG_IT_RO_200512_GSL_87;Italy;Rome;41,9028;12,4964;ATO2 Wastewater Treatment Plant;24-hour sampler;wastewater treatment plant (municipal or industrial);;;;;;;;;;;;;
ERS17759377;1015078;ERR12510901;1;2020-04-21;DTU_2022_1015078_1_MG_IT_RO_200421_GSL_84;Italy;Rome;41,9028;12,4964;ATO2 Wastewater Treatment Plant;24-hour sampler;wastewater treatment plant (municipal or industrial);;;;;;;;;;;;;
ERS17759376;1015085;ERR12510904;1;2020-06-16;DTU_2022_1015085_1_MG_IT_RO_200616_GSL_91;Italy;Rome;41,9028;12,4964;ATO2 Wastewater Treatment Plant;24-hour sampler;wastewater treatment plant (municipal or industrial);;;;;;;;;;;;;
ERS17759375;1015100;ERR12510912;1;2020-10-06;DTU_2022_1015100_1_MG_IT_RO_201006_GSL_364;Italy;Rome;41,9028;12,4964;ATO2 Wastewater Treatment Plant;24-hour sampler;wastewater treatment plant (municipal or industrial);;;;;;;;;;;;;
ERS17759374;1015075;ERR12510899;1;2020-03-31;DTU_2022_1015075_1_MG_IT_RO_200331_GSL_3;Italy;Rome;41,9028;12,4964;ATO2 Wastewater Treatment Plant;24-hour sampler;wastewater treatment plant (municipal or industrial);;;;;;;;;;;;;
ERS17759373;1015087;ERR12510905;1;2020-06-30;DTU_2022_1015087_1_MG_IT_RO_200630_GSL_351;Italy;Rome;41,9028;12,4964;ATO2 Wastewater Treatment Plant;24-hour sampler;wastewater treatment plant (municipal or industrial);;;;;;;;;;;;;
ERS17759372;1015077;ERR12510900;1;2020-04-14;DTU_2022_1015077_1_MG_IT_RO_200414_GSL_5;Italy;Rome;41,9028;12,4964;ATO2 Wastewater Treatment Plant;24-hour sampler;wastewater treatment plant (municipal or industrial);;;;;;;;;;;;;
ERS17759371;1015096;ERR12510910;1;2020-09-08;DTU_2022_1015096_1_MG_IT_RO_200908_GSL_360;Italy;Rome;41,9028;12,4964;ATO2 Wastewater Treatment Plant;24-hour sampler;wastewater treatment plant (municipal or industrial);;;;;;;;;;;;;
ERS17759370;1015094;ERR12510909;1;2020-08-26;DTU_2022_1015094_1_MG_IT_RO_200826_GSL_358;Italy;Rome;41,9028;12,4964;ATO2 Wastewater Treatment Plant;24-hour sampler;wastewater treatment plant (municipal or industrial);;;;;;;;;;;;;
ERS17759369;1015089;ERR12510906;1;2020-07-14;DTU_2022_1015089_1_MG_IT_RO_200714_GSL_353;Italy;Rome;41,9028;12,4964;ATO2 Wastewater Treatment Plant;24-hour sampler;wastewater treatment plant (municipal or industrial);;;;;;;;;;;;;
ERS17759368;1014091;ERR12510810;1;2020-07-27;DTU_2022_1014091_1_MG_HU_BU_3_200721_GSL_198;Hungary;Budapest;47,4979;19,0402;Budapesti Kozponti Szennyviztisztito Telep;24-hour sampler;wastewater treatment plant (municipal or industrial);;;;;;;;;;;;;
ERS17759367;1014134;ERR12510827;1;2021-04-26;DTU_2022_1014134_1_MG_HU_BU_3_210426_GSL_907;Hungary;Budapest;47,4979;19,0402;Budapesti Kozponti Szennyviztisztito Telep;24-hour sampler;wastewater treatment plant (municipal or industrial);;;;;;;;;;;;;
ERS17759418;1014187;ERR12510854;1;2021-03-24;DTU_2022_1014187_1_MG_NL_RO_210324_GSL_1113;Netherlands;Rotterdam;51,9244;4,4777;Dokhaven;24-hour sampler;wastewater treatment plant (municipal or industrial);;;;;;;;;;;;;
ERS17759417;1014158;ERR12510840;1;2020-08-25;DTU_2022_1014158_1_MG_NL_RO_200823_GSL_1084;Netherlands;Rotterdam;51,9244;4,4777;Dokhaven;24-hour sampler;wastewater treatment plant (municipal or industrial);;;;;;;;;;;;;
ERS17759416;1014164;ERR12510843;1;2020-10-07;DTU_2022_1014164_1_MG_NL_RO_201007_GSL_1090;Netherlands;Rotterdam;51,9244;4,4777;Dokhaven;24-hour sampler;wastewater treatment plant (municipal or industrial);;;;;;;;;;;;;
ERS17759415;1014168;ERR12510845;1;2020-11-04;DTU_2022_1014168_1_MG_NL_RO_201104_GSL_1094;Netherlands;Rotterdam;51,9244;4,4777;Dokhaven;24-hour sampler;wastewater treatment plant (municipal or industrial);;;;;;;;;;;;;
ERS17759414;1014192;ERR12510857;1;2021-05-05;DTU_2022_1014192_1_MG_NL_RO_210505_GSL_1118;Netherlands;Rotterdam;51,9244;4,4777;Dokhaven;24-hour sampler;wastewater treatment plant (municipal or industrial);;;;;;;;;;;;;
ERS17759413;1014143;ERR12510833;1;2020-05-04;DTU_2022_1014143_1_MG_NL_RO_200504_GSL_1069;Netherlands;Rotterdam;51,9244;4,4777;Dokhaven;24-hour sampler;wastewater treatment plant (municipal or industrial);;;;;;;;;;;;;
ERS17759412;1014156;ERR12510839;1;2020-08-05;DTU_2022_1014156_1_MG_NL_RO_200805_GSL_1082;Netherlands;Rotterdam;51,9244;4,4777;Dokhaven;24-hour sampler;wastewater treatment plant (municipal or industrial);;;;;;;;;;;;;
ERS17759411;1014198;ERR12510860;1;2021-06-23;DTU_2022_1014198_1_MG_NL_RO_210623_GSL_1124;Netherlands;Rotterdam;51,9244;4,4777;Dokhaven;24-hour sampler;wastewater treatment plant (municipal or industrial);;;;;;;;;;;;;
ERS17759410;1014159;ERR12510841;1;2020-09-02;DTU_2022_1014159_1_MG_NL_RO_200902_GSL_1085;Netherlands;Rotterdam;51,9244;4,4777;Dokhaven;24-hour sampler;wastewater treatment plant (municipal or industrial);;;;;;;;;;;;;
ERS17759409;1014176;ERR12510849;1;2021-01-06;DTU_2022_1014176_1_MG_NL_RO_210106_GSL_1102;Netherlands;Rotterdam;51,9244;4,4777;Dokhaven;24-hour sampler;wastewater treatment plant (municipal or industrial);;;;;;;;;;;;;
ERS17759408;1014194;ERR12510858;1;2021-05-26;DTU_2022_1014194_1_MG_NL_RO_210526_GSL_1120;Netherlands;Rotterdam;51,9244;4,4777;Dokhaven;24-hour sampler;wastewater treatment plant (municipal or industrial);;;;;;;;;;;;;
ERS17759407;1014175;ERR12510848;1;2020-12-23;DTU_2022_1014175_1_MG_NL_RO_201223_GSL_1101;Netherlands;Rotterdam;51,9244;4,4777;Dokhaven;24-hour sampler;wastewater treatment plant (municipal or industrial);;;;;;;;;;;;;
ERS17759406;1014151;ERR12510837;1;2020-07-06;DTU_2022_1014151_1_MG_NL_RO_200706_GSL_1077;Netherlands;Rotterdam;51,9244;4,4777;Dokhaven;24-hour sampler;wastewater treatment plant (municipal or industrial);;;;;;;;;;;;;
ERS17759366;1014093;ERR12510811;1;2020-08-03;DTU_2022_1014093_1_MG_HU_BU_3_200803_GSL_242;Hungary;Budapest;47,4979;19,0402;Budapesti Kozponti Szennyviztisztito Telep;24-hour sampler;wastewater treatment plant (municipal or industrial);;;;;;;;;;;;;
ERS17759365;1014082;ERR12510805;1;2020-05-18;DTU_2022_1014082_1_MG_HU_BU_3_200518_GSL_42;Hungary;Budapest;47,4979;19,0402;Budapesti Kozponti Szennyviztisztito Telep;24-hour sampler;wastewater treatment plant (municipal or industrial);;;;;;;;;;;;;
ERS17759364;1014107;ERR12510817;1;2020-11-03;DTU_2022_1014107_1_MG_HU_BU_3_201103_GSL_404;Hungary;Budapest;47,4979;19,0402;Budapesti Kozponti Szennyviztisztito Telep;24-hour sampler;wastewater treatment plant (municipal or industrial);;;;;;;;;;;;;
ERS17759363;1014135;ERR12510828;1;2021-05-04;DTU_2022_1014135_1_MG_HU_BU_3_210504_GSL_911;Hungary;Budapest;47,4979;19,0402;Budapesti Kozponti Szennyviztisztito Telep;24-hour sampler;wastewater treatment plant (municipal or industrial);;;;;;;;;;;;;
ERS17759362;1014087;ERR12510808;1;2020-06-01;DTU_2022_1014087_1_MG_HU_BU_3_200601_GSL_166;Hungary;Budapest;47,4979;19,0402;Budapesti Kozponti Szennyviztisztito Telep;24-hour sampler;wastewater treatment plant (municipal or industrial);;;;;;;;;;;;;
ERS17759361;1014137;ERR12510829;1;2021-04-04;DTU_2022_1014137_1_MG_HU_BU_3_210404_GSL_944;Hungary;Budapest;47,4979;19,0402;Budapesti Kozponti Szennyviztisztito Telep;24-hour sampler;wastewater treatment plant (municipal or industrial);;;;;;;;;;;;;
ERS17759360;1014098;ERR12510813;1;2020-09-07;DTU_2022_1014098_1_MG_HU_BU_3_200907_GSL_274;Hungary;Budapest;47,4979;19,0402;Budapesti Kozponti Szennyviztisztito Telep;24-hour sampler;wastewater treatment plant (municipal or industrial);;;;;;;;;;;;;
ERS17759359;1014117;ERR12510820;1;2020-12-28;DTU_2022_1014117_1_MG_HU_BU_3_201228_GSL_715;Hungary;Budapest;47,4979;19,0402;Budapesti Kozponti Szennyviztisztito Telep;24-hour sampler;wastewater treatment plant (municipal or industrial);;;;;;;;;;;;;
ERS17759358;1014089;ERR12510809;1;2020-07-06;DTU_2022_1014089_1_MG_HU_BU_3_200706_GSL_168;Hungary;Budapest;47,4979;19,0402;Budapesti Kozponti Szennyviztisztito Telep;24-hour sampler;wastewater treatment plant (municipal or industrial);;;;;;;;;;;;;
ERS17759357;1014138;ERR12510830;1;2021-05-17;DTU_2022_1014138_1_MG_HU_BU_3_210517_GSL_948;Hungary;Budapest;47,4979;19,0402;Budapesti Kozponti Szennyviztisztito Telep;24-hour sampler;wastewater treatment plant (municipal or industrial);;;;;;;;;;;;;
ERS17759356;1014099;ERR12510814;1;2020-09-15;DTU_2022_1014099_1_MG_HU_BU_3_200915_GSL_326;Hungary;Budapest;47,4979;19,0402;Budapesti Kozponti Szennyviztisztito Telep;24-hour sampler;wastewater treatment plant (municipal or industrial);;;;;;;;;;;;;
ERS17759355;1014111;ERR12510818;1;2020-11-23;DTU_2022_1014111_1_MG_HU_BU_3_201123_GSL_599;Hungary;Budapest;47,4979;19,0402;Budapesti Kozponti Szennyviztisztito Telep;24-hour sampler;wastewater treatment plant (municipal or industrial);;;;;;;;;;;;;
ERS17759354;1014106;ERR12510816;1;2020-10-27;DTU_2022_1014106_1_MG_HU_BU_3_201027_GSL_346;Hungary;Budapest;47,4979;19,0402;Budapesti Kozponti Szennyviztisztito Telep;24-hour sampler;wastewater treatment plant (municipal or industrial);;;;;;;;;;;;;
ERS17759405;1014166;ERR12510844;1;2020-10-23;DTU_2022_1014166_1_MG_NL_RO_201023_GSL_1092;Netherlands;Rotterdam;51,9244;4,4777;Dokhaven;24-hour sampler;wastewater treatment plant (municipal or industrial);;;;;;;;;;;;;
ERS17759404;1014184;ERR12510853;1;2021-03-03;DTU_2022_1014184_1_MG_NL_RO_210303_GSL_1110;Netherlands;Rotterdam;51,9244;4,4777;Dokhaven;24-hour sampler;wastewater treatment plant (municipal or industrial);;;;;;;;;;;;;
ERS17759403;1014203;ERR12510862;1;2021-07-28;DTU_2022_1014203_1_MG_NL_RO_210728_GSL_1129;Netherlands;Rotterdam;51,9244;4,4777;Dokhaven;24-hour sampler;wastewater treatment plant (municipal or industrial);;;;;;;;;;;;;
ERS17759402;1014146;ERR12510835;1;2020-06-03;DTU_2022_1014146_1_MG_NL_RO_200603_GSL_1072;Netherlands;Rotterdam;51,9244;4,4777;Dokhaven;24-hour sampler;wastewater treatment plant (municipal or industrial);;;;;;;;;;;;;
ERS17759401;1014183;ERR12510852;1;2021-02-25;DTU_2022_1014183_1_MG_NL_RO_210225_GSL_1109;Netherlands;Rotterdam;51,9244;4,4777;Dokhaven;24-hour sampler;wastewater treatment plant (municipal or industrial);;;;;;;;;;;;;
ERS17759400;1014145;ERR12510834;1;2020-05-21;DTU_2022_1014145_1_MG_NL_RO_200521_GSL_1071;Netherlands;Rotterdam;51,9244;4,4777;Dokhaven;24-hour sampler;wastewater treatment plant (municipal or industrial);;;;;;;;;;;;;
ERS17759399;1014154;ERR12510838;1;2020-07-24;DTU_2022_1014154_1_MG_NL_RO_200724_GSL_1080;Netherlands;Rotterdam;51,9244;4,4777;Dokhaven;24-hour sampler;wastewater treatment plant (municipal or industrial);;;;;;;;;;;;;
ERS17759398;1014196;ERR12510859;1;2021-06-09;DTU_2022_1014196_1_MG_NL_RO_210609_GSL_1122;Netherlands;Rotterdam;51,9244;4,4777;Dokhaven;24-hour sampler;wastewater treatment plant (municipal or industrial);;;;;;;;;;;;;
ERS17759397;1014139;ERR12510831;1;2020-04-08;DTU_2022_1014139_1_MG_NL_RO_200408_GSL_1065;Netherlands;Rotterdam;51,9244;4,4777;Dokhaven;24-hour sampler;wastewater treatment plant (municipal or industrial);;;;;;;;;;;;;
ERS17759396;1014180;ERR12510851;1;2021-02-03;DTU_2022_1014180_1_MG_NL_RO_210203_GSL_1106;Netherlands;Rotterdam;51,9244;4,4777;Dokhaven;24-hour sampler;wastewater treatment plant (municipal or industrial);;;;;;;;;;;;;
ERS17759395;1014172;ERR12510847;1;2020-12-02;DTU_2022_1014172_1_MG_NL_RO_201202_GSL_1098;Netherlands;Rotterdam;51,9244;4,4777;Dokhaven;24-hour sampler;wastewater treatment plant (municipal or industrial);;;;;;;;;;;;;
ERS17759394;1014200;ERR12510861;1;2021-07-08;DTU_2022_1014200_1_MG_NL_RO_210708_GSL_1126;Netherlands;Rotterdam;51,9244;4,4777;Dokhaven;24-hour sampler;wastewater treatment plant (municipal or industrial);;;;;;;;;;;;;
ERS17759393;1014190;ERR12510856;1;2021-04-22;DTU_2022_1014190_1_MG_NL_RO_210422_GSL_1116;Netherlands;Rotterdam;51,9244;4,4777;Dokhaven;24-hour sampler;wastewater treatment plant (municipal or industrial);;;;;;;;;;;;;
ERS17759353;1014125;ERR12510824;1;2021-02-22;DTU_2022_1014125_1_MG_HU_BU_3_210222_GSL_776;Hungary;Budapest;47,4979;19,0402;Budapesti Kozponti Szennyviztisztito Telep;24-hour sampler;wastewater treatment plant (municipal or industrial);;;;;;;;;;;;;
ERS17759352;1014121;ERR12510822;1;2021-01-25;DTU_2022_1014121_1_MG_HU_BU_3_210125_GSL_750;Hungary;Budapest;47,4979;19,0402;Budapesti Kozponti Szennyviztisztito Telep;24-hour sampler;wastewater treatment plant (municipal or industrial);;;;;;;;;;;;;
ERS17759351;1014131;ERR12510826;1;2021-03-29;DTU_2022_1014131_1_MG_HU_BU_3_210329_GSL_818;Hungary;Budapest;47,4979;19,0402;Budapesti Kozponti Szennyviztisztito Telep;24-hour sampler;wastewater treatment plant (municipal or industrial);;;;;;;;;;;;;
ERS17759350;1014083;ERR12510806;1;2020-05-25;DTU_2022_1014083_1_MG_HU_BU_3_200525_GSL_67;Hungary;Budapest;47,4979;19,0402;Budapesti Kozponti Szennyviztisztito Telep;24-hour sampler;wastewater treatment plant (municipal or industrial);;;;;;;;;;;;;
ERS17759349;1014124;ERR12510823;1;2021-02-15;DTU_2022_1014124_1_MG_HU_BU_3_210215_GSL_772;Hungary;Budapest;47,4979;19,0402;Budapesti Kozponti Szennyviztisztito Telep;24-hour sampler;wastewater treatment plant (municipal or industrial);;;;;;;;;;;;;
ERS17759348;1014114;ERR12510819;1;2020-12-07;DTU_2022_1014114_1_MG_HU_BU_3_201207_GSL_604;Hungary;Budapest;47,4979;19,0402;Budapesti Kozponti Szennyviztisztito Telep;24-hour sampler;wastewater treatment plant (municipal or industrial);;;;;;;;;;;;;
ERS17759347;1014103;ERR12510815;1;2020-10-05;DTU_2022_1014103_1_MG_HU_BU_3_201005_GSL_338;Hungary;Budapest;47,4979;19,0402;Budapesti Kozponti Szennyviztisztito Telep;24-hour sampler;wastewater treatment plant (municipal or industrial);;;;;;;;;;;;;
ERS17759346;1014086;ERR12510807;1;2020-06-29;DTU_2022_1014086_1_MG_HU_BU_3_200629_GSL_160;Hungary;Budapest;47,4979;19,0402;Budapesti Kozponti Szennyviztisztito Telep;24-hour sampler;wastewater treatment plant (municipal or industrial);;;;;;;;;;;;;
ERS17759345;1014129;ERR12510825;1;2021-03-15;DTU_2022_1014129_1_MG_HU_BU_3_210315_GSL_803;Hungary;Budapest;47,4979;19,0402;Budapesti Kozponti Szennyviztisztito Telep;24-hour sampler;wastewater treatment plant (municipal or industrial);;;;;;;;;;;;;
ERS17759344;1014120;ERR12510821;1;2021-01-18;DTU_2022_1014120_1_MG_HU_BU_3_210118_GSL_749;Hungary;Budapest;47,4979;19,0402;Budapesti Kozponti Szennyviztisztito Telep;24-hour sampler;wastewater treatment plant (municipal or industrial);;;;;;;;;;;;;
ERS17759343;1014095;ERR12510812;1;2020-08-17;DTU_2022_1014095_1_MG_HU_BU_3_200817_GSL_262;Hungary;Budapest;47,4979;19,0402;Budapesti Kozponti Szennyviztisztito Telep;24-hour sampler;wastewater treatment plant (municipal or industrial);;;;;;;;;;;;;
ERS17759342;1015052;ERR12510887;1;2020-11-26;DTU_2022_1015052_1_MG_IT_BO_201126_GSL_414;Italy;Bologna;44,4949;11,3426;Gruppo HERA;manual;wastewater treatment plant (municipal or industrial);;;;;;;;;;;;;
ERS17759341;1015064;ERR12510893;1;2021-02-23;DTU_2022_1015064_1_MG_IT_BO_210223_GSL_793;Italy;Bologna;44,4949;11,3426;Gruppo HERA;manual;wastewater treatment plant (municipal or industrial);;;;;;;;;;;;;
ERS17759392;1014149;ERR12510836;1;2020-06-24;DTU_2022_1014149_1_MG_NL_RO_200624_GSL_1075;Netherlands;Rotterdam;51,9244;4,4777;Dokhaven;24-hour sampler;wastewater treatment plant (municipal or industrial);;;;;;;;;;;;;
ERS17759391;1014162;ERR12510842;1;2020-09-23;DTU_2022_1014162_1_MG_NL_RO_200923_GSL_1088;Netherlands;Rotterdam;51,9244;4,4777;Dokhaven;24-hour sampler;wastewater treatment plant (municipal or industrial);;;;;;;;;;;;;
ERS17759390;1014178;ERR12510850;1;2021-01-20;DTU_2022_1014178_1_MG_NL_RO_210120_GSL_1104;Netherlands;Rotterdam;51,9244;4,4777;Dokhaven;24-hour sampler;wastewater treatment plant (municipal or industrial);;;;;;;;;;;;;
ERS17759389;1014141;ERR12510832;1;2020-04-23;DTU_2022_1014141_1_MG_NL_RO_200423_GSL_1067;Netherlands;Rotterdam;51,9244;4,4777;Dokhaven;24-hour sampler;wastewater treatment plant (municipal or industrial);;;;;;;;;;;;;
ERS17759388;1015108;ERR12510916;1;2020-12-01;DTU_2022_1015108_1_MG_IT_RO_201201_GSL_372;Italy;Rome;41,9028;12,4964;ATO2 Wastewater Treatment Plant;24-hour sampler;wastewater treatment plant (municipal or industrial);;;;;;;;;;;;;
ERS17759387;1015103;ERR12510913;1;2020-10-27;DTU_2022_1015103_1_MG_IT_RO_201027_GSL_367;Italy;Rome;41,9028;12,4964;ATO2 Wastewater Treatment Plant;24-hour sampler;wastewater treatment plant (municipal or industrial);;;;;;;;;;;;;
ERS17759386;1015091;ERR12510907;1;2020-07-31;DTU_2022_1015091_1_MG_IT_RO_200731_GSL_355;Italy;Rome;41,9028;12,4964;ATO2 Wastewater Treatment Plant;24-hour sampler;wastewater treatment plant (municipal or industrial);;;;;;;;;;;;;
ERS17759385;1015093;ERR12510908;1;2020-08-13;DTU_2022_1015093_1_MG_IT_RO_200813_GSL_357;Italy;Rome;41,9028;12,4964;ATO2 Wastewater Treatment Plant;24-hour sampler;wastewater treatment plant (municipal or industrial);;;;;;;;;;;;;
ERS17759384;1015073;ERR12510898;1;2020-03-17;DTU_2022_1015073_1_MG_IT_RO_200317_GSL_1;Italy;Rome;41,9028;12,4964;ATO2 Wastewater Treatment Plant;24-hour sampler;wastewater treatment plant (municipal or industrial);;;;;;;;;;;;;
ERS17759383;1015109;ERR12510917;1;2020-12-09;DTU_2022_1015109_1_MG_IT_RO_201209_GSL_373;Italy;Rome;41,9028;12,4964;ATO2 Wastewater Treatment Plant;24-hour sampler;wastewater treatment plant (municipal or industrial);;;;;;;;;;;;;
ERS17759382;1015107;ERR12510915;1;2020-11-24;DTU_2022_1015107_1_MG_IT_RO_201124_GSL_371;Italy;Rome;41,9028;12,4964;ATO2 Wastewater Treatment Plant;24-hour sampler;wastewater treatment plant (municipal or industrial);;;;;;;;;;;;;
ERS17759381;1015105;ERR12510914;1;2020-11-10;DTU_2022_1015105_1_MG_IT_RO_201110_GSL_369;Italy;Rome;41,9028;12,4964;ATO2 Wastewater Treatment Plant;24-hour sampler;wastewater treatment plant (municipal or industrial);;;;;;;;;;;;;
ERS17759380;1015098;ERR12510911;1;2020-09-22;DTU_2022_1015098_1_MG_IT_RO_200922_GSL_362;Italy;Rome;41,9028;12,4964;ATO2 Wastewater Treatment Plant;24-hour sampler;wastewater treatment plant (municipal or industrial);;;;;;;;;;;;;
ERS17759340;1014222;ERR12510873;1;2020-04-21;DTU_2022_1014222_1_MG_IT_BO_200421_GSL_105;Italy;Bologna;44,4949;11,3426;Gruppo HERA;manual;wastewater treatment plant (municipal or industrial);;;;;;;;;;;;;
ERS17759339;1015066;ERR12510894;1;2021-03-09;DTU_2022_1015066_1_MG_IT_BO_210309_GSL_795;Italy;Bologna;44,4949;11,3426;Gruppo HERA;manual;wastewater treatment plant (municipal or industrial);;;;;;;;;;;;;
ERS17759338;1015070;ERR12510896;1;2021-04-13;DTU_2022_1015070_1_MG_IT_BO_210413_GSL_857;Italy;Bologna;44,4949;11,3426;Gruppo HERA;manual;wastewater treatment plant (municipal or industrial);;;;;;;;;;;;;
ERS17759337;1015072;ERR12510897;1;2021-04-27;DTU_2022_1015072_1_MG_IT_BO_210427_GSL_860;Italy;Bologna;44,4949;11,3426;Gruppo HERA;manual;wastewater treatment plant (municipal or industrial);;;;;;;;;;;;;
ERS17759336;1015033;ERR12510878;1;2020-07-09;DTU_2022_1015033_1_MG_IT_BO_200709_GSL_142;Italy;Bologna;44,4949;11,3426;Gruppo HERA;manual;wastewater treatment plant (municipal or industrial);;;;;;;;;;;;;
ERS17759335;1015060;ERR12510891;1;2021-01-19;DTU_2022_1015060_1_MG_IT_BO_210119_GSL_725;Italy;Bologna;44,4949;11,3426;Gruppo HERA;manual;wastewater treatment plant (municipal or industrial);;;;;;;;;;;;;
ERS17759334;1015045;ERR12510884;1;2020-10-08;DTU_2022_1015045_1_MG_IT_BO_201008_GSL_409;Italy;Bologna;44,4949;11,3426;Gruppo HERA;manual;wastewater treatment plant (municipal or industrial);;;;;;;;;;;;;
ERS17759333;1015043;ERR12510883;1;2020-09-22;DTU_2022_1015043_1_MG_IT_BO_200922_GSL_291;Italy;Bologna;44,4949;11,3426;Gruppo HERA;manual;wastewater treatment plant (municipal or industrial);;;;;;;;;;;;;
ERS17759332;1015054;ERR12510888;1;2020-12-10;DTU_2022_1015054_1_MG_IT_BO_201210_GSL_417;Italy;Bologna;44,4949;11,3426;Gruppo HERA;manual;wastewater treatment plant (municipal or industrial);;;;;;;;;;;;;
ERS17759331;1015037;ERR12510880;1;2020-08-06;DTU_2022_1015037_1_MG_IT_BO_200806_GSL_189;Italy;Bologna;44,4949;11,3426;Gruppo HERA;manual;wastewater treatment plant (municipal or industrial);;;;;;;;;;;;;
ERS17759330;1014218;ERR12510871;1;2020-03-24;DTU_2022_1014218_1_MG_IT_BO_200324_GSL_59;Italy;Bologna;44,4949;11,3426;Gruppo HERA;manual;wastewater treatment plant (municipal or industrial);;;;;;;;;;;;;
ERS17759329;1014226;ERR12510875;1;2020-05-18;DTU_2022_1014226_1_MG_IT_BO_200518_GSL_36;Italy;Bologna;44,4949;11,3426;Gruppo HERA;manual;wastewater treatment plant (municipal or industrial);;;;;;;;;;;;;
ERS17759328;1015058;ERR12510890;1;2021-01-05;DTU_2022_1015058_1_MG_IT_BO_210105_GSL_423;Italy;Bologna;44,4949;11,3426;Gruppo HERA;manual;wastewater treatment plant (municipal or industrial);;;;;;;;;;;;;
ERS17759327;1015056;ERR12510889;1;2020-12-22;DTU_2022_1015056_1_MG_IT_BO_201222_GSL_420;Italy;Bologna;44,4949;11,3426;Gruppo HERA;manual;wastewater treatment plant (municipal or industrial);;;;;;;;;;;;;
ERS17759326;1015039;ERR12510881;1;2020-08-25;DTU_2022_1015039_1_MG_IT_BO_200825_GSL_209;Italy;Bologna;44,4949;11,3426;Gruppo HERA;manual;wastewater treatment plant (municipal or industrial);;;;;;;;;;;;;
ERS17759325;1015047;ERR12510885;1;2020-10-20;DTU_2022_1015047_1_MG_IT_BO_201020_GSL_294;Italy;Bologna;44,4949;11,3426;Gruppo HERA;manual;wastewater treatment plant (municipal or industrial);;;;;;;;;;;;;
ERS17759324;1015041;ERR12510882;1;2020-09-08;DTU_2022_1015041_1_MG_IT_BO_200908_GSL_211;Italy;Bologna;44,4949;11,3426;Gruppo HERA;manual;wastewater treatment plant (municipal or industrial);;;;;;;;;;;;;
ERS17759323;1015050;ERR12510886;1;2020-11-10;DTU_2022_1015050_1_MG_IT_BO_201110_GSL_299;Italy;Bologna;44,4949;11,3426;Gruppo HERA;manual;wastewater treatment plant (municipal or industrial);;;;;;;;;;;;;
ERS17759322;1015062;ERR12510892;1;2021-02-02;DTU_2022_1015062_1_MG_IT_BO_210202_GSL_764;Italy;Bologna;44,4949;11,3426;Gruppo HERA;manual;wastewater treatment plant (municipal or industrial);;;;;;;;;;;;;
ERS17759321;1014224;ERR12510874;1;2020-05-05;DTU_2022_1014224_1_MG_IT_BO_200505_GSL_74;Italy;Bologna;44,4949;11,3426;Gruppo HERA;manual;wastewater treatment plant (municipal or industrial);;;;;;;;;;;;;
ERS17759320;1015035;ERR12510879;1;2020-07-23;DTU_2022_1015035_1_MG_IT_BO_200723_GSL_192;Italy;Bologna;44,4949;11,3426;Gruppo HERA;manual;wastewater treatment plant (municipal or industrial);;;;;;;;;;;;;
ERS17759319;1014231;ERR12510877;1;2020-06-23;DTU_2022_1014231_1_MG_IT_BO_200623_GSL_139;Italy;Bologna;44,4949;11,3426;Gruppo HERA;manual;wastewater treatment plant (municipal or industrial);;;;;;;;;;;;;
ERS17759318;1014220;ERR12510872;1;2020-04-07;DTU_2022_1014220_1_MG_IT_BO_200407_GSL_60;Italy;Bologna;44,4949;11,3426;Gruppo HERA;manual;wastewater treatment plant (municipal or industrial);;;;;;;;;;;;;
ERS17759317;1014228;ERR12510876;1;2020-06-01;DTU_2022_1014228_1_MG_IT_BO_200601_GSL_64;Italy;Bologna;44,4949;11,3426;Gruppo HERA;manual;wastewater treatment plant (municipal or industrial);;;;;;;;;;;;;
ERS17759316;1014216;ERR12510870;1;2020-03-12;DTU_2022_1014216_1_MG_IT_BO_200312_GSL_34;Italy;Bologna;44,4949;11,3426;Gruppo HERA;manual;wastewater treatment plant (municipal or industrial);;;;;;;;;;;;;
ERS17759315;1015068;ERR12510895;1;2021-03-23;DTU_2022_1015068_1_MG_IT_BO_210323_GSL_856;Italy;Bologna;44,4949;11,3426;Gruppo HERA;manual;wastewater treatment plant (municipal or industrial);;;;;;;;;;;;;
